Date,Interest_Income,Interest_Expense,Average_Earning_Assets,Net_Income,Total_Assets,Shareholder_Equity,Operating_Expenses,Operating_Income,Market_Share,Stock_Price
2022-01-03,2121958.0,773237,55001045,1572212.0,95404302,23496605,811672,3494178,24,128
2022-01-04,2671155.0,518070,54463418,1336326.0,86440010,24948600,1030817,3231496,20,63
2022-01-05,2131932.0,797921,59771802,1224137.0,88674163,26416438,1345961,3692148,22,196
2022-01-06,2365838.0,556958,54345760,1452268.0,97221407,29694095,1289921,4779685,14,177
2022-01-07,2259178.0,1746222,57153768,3858336.0,98279553,25311499,1432303,4764985,10,103
2022-01-10,2644167.0,510729,53251298,1297881.0,83486669,20308623,1320399,4897501,21,197
2022-01-11,2110268.0,730785,54465150,1363476.0,94994515,23647371,1106140,3560315,20,78
2022-01-12,2732180.0,676089,58389012,1351707.0,83722946,23296903,769286,3879979,26,73
2022-01-13,2054886.0,697392,57249903,1684733.0,89874813,29579010,793269,3173921,13,131
2022-01-14,2137337.0,658823,54897590,1510585.0,91254507,25998223,958635,4935135,24,112
2022-01-18,2999890.0,999616,56189573,1691757.0,80224695,21147116,774071,3673218,18,154
2022-01-19,2521430.0,605864,51323483,1390719.0,91370075,23772763,1150542,4788098,29,106
2022-01-20,2954698.0,893002,51722320,1479361.0,94063918,26478450,921095,3603291,28,185
2022-01-21,2087498.0,709141,52332517,1101371.0,95388755,20310375,1213317,3707755,28,111
2022-01-24,2899159.0,998863,53196340,1562997.0,89799314,22126453,730651,3564046,21,66
2022-01-25,2912756.0,867654,58551881,1192192.0,83340216,21271300,770202,3316456,14,115
2022-01-26,2175203.0,554748,55387408,1150322.0,93245696,25238631,748777,4379390,19,55
2022-01-27,2191335.0,505801,55692493,1021172.0,81847865,23842411,848066,4034262,26,107
2022-01-28,,650262,58247752,,94921595,26310208,890706,3082279,14,118
2022-01-31,2041090.0,942905,51087341,1996121.0,94568974,29404024,1324446,3015434,25,111
2022-02-01,2329365.0,735362,56195200,1577564.0,95674529,26127764,1497232,3719407,16,131
2022-02-02,2064820.0,944209,53977266,1581780.0,89308092,25859046,1463935,3440991,18,120
2022-02-03,2787201.0,529592,55558956,1708362.0,84017136,26034207,1026022,3337913,12,180
2022-02-04,2321879.0,772791,53031756,1513319.0,93869848,27940879,980852,4818618,24,59
2022-02-07,2718315.0,639788,50843523,1780298.0,97122071,23341861,1368179,3328821,25,147
2022-02-08,2327069.0,719963,58934845,1876031.0,85750283,27359201,1430265,3083555,27,138
2022-02-09,2776997.0,980761,54040479,1989859.0,81074961,22615804,1288158,4701243,23,84
2022-02-10,2199041.0,748710,50092193,1222320.0,91950571,24312717,1233571,4789856,12,51
2022-02-11,2791743.0,720984,51186887,1417978.0,99155151,21982243,1385933,4812375,21,173
2022-02-14,2103355.0,872771,58896761,1011046.0,97911322,23413654,1124149,3176806,18,73
2022-02-15,2235796.0,832460,53334817,1228071.0,92866619,25986417,1230062,4936673,16,123
2022-02-16,2214176.0,758067,52715514,1378165.0,82474968,27863020,903127,4530295,18,71
2022-02-17,,764512,52658571,,86166160,23270209,842055,3433819,22,88
2022-02-18,2347449.0,1732725,54834357,3417324.0,93569332,28604008,1320756,4518500,27,69
2022-02-22,2421909.0,768799,57102173,1416366.0,82442266,27323988,1225069,3999430,14,90
2022-02-23,2989436.0,2212647,54892472,3971502.0,84437677,23324664,814586,3068803,22,197
2022-02-24,2258795.0,570031,50481680,1266997.0,93793267,28210880,1149916,4481124,13,157
2022-02-25,2486232.0,969645,55165679,1645188.0,89607366,23594058,989768,4926711,11,196
2022-02-28,2917040.0,984299,56180142,1482615.0,85241218,24584258,1231111,3807744,25,133
2022-03-01,2500186.0,587922,55287118,1415008.0,85481140,28117654,1242777,3748736,18,160
2022-03-02,,948982,54100673,,84981262,24212377,871033,4526318,18,115
2022-03-03,2870910.0,624046,51534026,1761379.0,85290717,29633233,1212880,3699539,15,102
2022-03-04,2384681.0,906619,58704434,1205550.0,80518349,20233782,991262,4775378,20,83
2022-03-07,2149503.0,532097,53467366,1244883.0,99659206,26906117,800417,3245404,10,199
2022-03-08,2654811.0,971873,50327359,1638418.0,80797968,26112674,781816,3642249,13,116
2022-03-09,2527035.0,642038,50317537,1460514.0,82655971,24809109,1377623,4351099,22,183
2022-03-10,2648143.0,624862,56953757,1949491.0,95999496,23735466,975709,3017297,22,76
2022-03-11,2452366.0,730229,50550222,1671210.0,99651515,21583246,1375714,3788443,22,59
2022-03-14,2065725.0,618834,54975026,1929616.0,87339838,20726331,874023,4557922,11,122
2022-03-15,2129981.0,593848,57795134,1121789.0,93236949,21794291,1247936,4168810,18,145
2022-03-16,,552921,52573619,,96520181,26353385,1143945,3568302,17,97
2022-03-17,2953277.0,680798,52453752,1700780.0,94467188,24952075,741971,4816030,16,119
2022-03-18,2905778.0,626141,59752741,1563178.0,98581889,23898606,718658,3929242,13,149
2022-03-21,2591723.0,681372,57265760,1066017.0,82938199,22878117,721253,4929341,27,108
2022-03-22,2319030.0,784821,51353038,1178376.0,95286855,24481617,1157382,4227146,12,51
2022-03-23,2328947.0,555609,58639483,1688281.0,88998604,27374626,879635,3783152,15,114
2022-03-24,2555839.0,2183691,54657693,2998274.0,84909776,25287913,857462,3797552,21,132
2022-03-25,2902648.0,949877,54264694,1656884.0,96355399,23733149,1050808,4558309,21,59
2022-03-28,2273538.0,531024,50707689,1624712.0,95724308,25316741,1406938,4974847,17,102
2022-03-29,2331236.0,570313,51296516,1801480.0,89167121,22804802,910097,4333572,10,128
2022-03-30,,889957,59945225,,83303389,24157263,1328138,4389959,13,108
2022-03-31,2565894.0,684078,53463351,1693264.0,88025407,24488198,1362212,4442721,20,199
2022-04-01,2489492.0,857429,59653648,1841344.0,94501229,29515406,1220498,4781423,12,97
2022-04-04,2256840.0,908554,51854971,1558296.0,93476005,22733460,926058,3511603,22,198
2022-04-05,2473254.0,961243,59038807,1393276.0,91167263,27084609,1357911,3615863,26,172
2022-04-06,2349457.0,985988,51849396,1730026.0,83151882,26216538,1285289,4043659,19,71
2022-04-07,2665987.0,613632,52691276,1607847.0,83210016,24115362,880231,3507365,21,149
2022-04-08,2270936.0,973351,59017469,1055337.0,86737320,21252557,822775,4667904,24,147
2022-04-11,,912724,52526954,,82389383,21490687,1257531,4197086,19,74
2022-04-12,,751451,56549546,,96941269,29311768,1377160,4228163,23,77
2022-04-13,2205041.0,503051,58007407,1024354.0,94464087,24057025,1019972,4578608,22,162
2022-04-14,2698361.0,679819,57385034,1045186.0,85282379,25272864,961716,4787756,14,94
2022-04-15,2731912.0,876836,57063410,1552433.0,89825144,23788963,1100455,4484209,15,117
2022-04-18,2417113.0,980358,59050222,1427236.0,82542637,23874910,968854,4022788,11,56
2022-04-19,2068148.0,587235,58001482,1610411.0,88033951,23368045,1114600,4973149,26,98
2022-04-20,2777089.0,947237,59055605,1499883.0,91779534,25185773,871918,3828791,13,186
2022-04-21,2648531.0,697484,51072647,1730546.0,84158549,24832691,919055,4723735,23,132
2022-04-22,,689407,51631107,,89734816,20968616,1000135,3360890,19,178
2022-04-25,,949395,59417063,,90167207,24217733,1434417,3749122,12,187
2022-04-26,2678843.0,925309,55106563,1613217.0,88411039,27914520,1100187,3645194,12,122
2022-04-27,2910790.0,962894,58234679,1285195.0,96052465,29639564,1122355,3201260,24,95
2022-04-28,2572843.0,711810,56463768,1575762.0,89035616,21490036,908139,4793795,15,155
2022-04-29,2256508.0,932950,59694402,1616036.0,88962049,22869729,780257,3777881,26,81
2022-05-02,2803591.0,703687,55606594,1125995.0,92851424,27585159,1177958,4811610,21,55
2022-05-03,2896942.0,573523,51950367,1245690.0,88284960,27179156,706530,4580461,29,194
2022-05-04,2106530.0,736175,51910705,1331770.0,98827165,29454531,973260,3833525,20,123
2022-05-05,2604365.0,594476,51601596,1793392.0,88388512,28944718,1290082,4479018,13,163
2022-05-06,2822352.0,733841,53791481,1428988.0,98045516,29352771,910545,4251775,15,76
2022-05-09,2460337.0,779163,55123122,1939024.0,81947763,27904428,1357258,3376794,10,103
2022-05-10,2724839.0,845757,57757202,1180553.0,87654502,24202271,1228423,4533161,29,134
2022-05-11,2805889.0,2168598,56348564,3121392.0,83882149,24042879,1071616,4781298,25,176
2022-05-12,2459773.0,586672,54150276,1880438.0,88439469,22322523,1178336,4730353,24,160
2022-05-13,2208261.0,573847,55723601,1259568.0,95941617,29601869,1475158,3936197,26,64
2022-05-16,2764469.0,844894,55354075,1319278.0,84845710,24746771,1313375,4521466,17,181
2022-05-17,2341097.0,710706,55279548,1151563.0,89109609,28640145,1420391,3383100,21,142
2022-05-18,2315139.0,528251,52382357,1656701.0,94689142,21756124,979215,3115598,19,172
2022-05-19,2171829.0,603481,57904069,1699983.0,92907824,20841531,720074,3250100,24,122
2022-05-20,2271836.0,874710,52245131,1614615.0,95538122,20864645,1446084,3782877,18,196
2022-05-23,2438974.0,525945,54246049,1393554.0,94391234,21428127,1292131,3708521,11,141
2022-05-24,,2558988,58480473,,81443717,25130076,739901,3776676,14,66
2022-05-25,2202283.0,532217,55455770,1143326.0,84409352,28859690,973349,3133241,15,92
2022-05-26,2196769.0,508308,51072200,1707220.0,95329502,24254849,1492338,4788028,16,170
2022-05-27,2561353.0,768093,52906158,1011344.0,89594271,27574587,1095807,4201700,10,90
2022-05-31,2223165.0,683062,51222869,1394966.0,88421928,26515350,1287275,4513641,16,88
2022-06-01,2623587.0,2683098,53125354,3944520.0,96241927,28336900,1042829,4253499,29,162
2022-06-02,2950110.0,720552,59818159,1592245.0,88752967,21615777,1072598,3008036,21,160
2022-06-03,2535822.0,600235,54782883,1105423.0,93526705,23512664,1067631,4604642,25,96
2022-06-06,2487879.0,574740,56501632,1320197.0,81308507,20973181,1278688,3945238,25,112
2022-06-07,2564685.0,878496,59302640,1464071.0,89331795,21491633,856222,4202821,20,159
2022-06-08,2782038.0,828761,53982588,1671256.0,95086909,29922462,731852,4734339,13,118
2022-06-09,2353531.0,725913,58083123,1186833.0,92382318,22061774,1213012,3983825,22,92
2022-06-10,2263160.0,779040,59956046,1717912.0,89986298,22790358,1077501,3202747,16,83
2022-06-13,2579879.0,892942,56160686,1775435.0,80100734,23860562,1343340,4972424,13,89
2022-06-14,2220884.0,677247,59306167,1077454.0,88546310,26976610,756481,3543088,24,110
2022-06-15,2023247.0,638877,50635605,1257594.0,99628490,21765524,1487715,4336092,28,111
2022-06-16,2024300.0,505237,57479821,1511897.0,98003027,21250632,733691,4372236,18,107
2022-06-17,,520056,54583897,,83081091,26210715,1094341,4855546,20,124
2022-06-21,2607086.0,676615,59203739,1909164.0,96002437,28526086,898137,3850350,17,65
2022-06-22,2533556.0,687628,57413718,1516142.0,91091989,23243087,1250458,3932477,10,131
2022-06-23,2348951.0,1843644,50067661,3890878.0,98645886,20909711,1232726,4381875,17,143
2022-06-24,2274329.0,873632,56859991,1037641.0,92681730,23711584,1371514,3755600,22,97
2022-06-27,,634415,57585153,,87265406,26913283,1101220,4108076,13,187
2022-06-28,2742139.0,906716,55914988,1856774.0,92735272,21619715,1496184,3167647,17,131
2022-06-29,2432315.0,946438,56558221,1369040.0,84755469,22590310,755426,3236527,12,87
2022-06-30,2926075.0,529375,51307506,1667542.0,95053770,26314768,939968,3435477,18,176
2022-07-01,2516588.0,1922202,52901614,3224242.0,87974411,29349220,988963,4683523,11,68
2022-07-05,2236584.0,516964,52966422,1318420.0,94150540,28324454,1195384,3552004,11,112
2022-07-06,2562332.0,613429,53708654,1281685.0,91666968,28815995,1221121,4445028,22,126
2022-07-07,2837646.0,752764,57315436,1880889.0,99739948,26726451,855289,4457640,24,180
2022-07-08,2978732.0,690710,50118033,1475526.0,81992825,28064220,961501,3002352,21,151
2022-07-11,2376896.0,966882,59018873,1044813.0,83832978,21544613,1219165,3133004,13,114
2022-07-12,2048984.0,716139,55872354,1692558.0,86152941,21297638,919780,3862881,17,169
2022-07-13,2302918.0,567215,51215502,1664180.0,84115811,27134897,995138,4581420,18,140
2022-07-14,2264712.0,831186,59810404,1286214.0,88983212,27748670,1370396,3786261,14,57
2022-07-15,2120151.0,644356,52319049,1987272.0,90438535,22430525,1432635,4397556,29,122
2022-07-18,2455808.0,703861,56292518,1928626.0,99951324,27439103,797756,3660858,27,183
2022-07-19,2985067.0,977880,57587768,1342703.0,82731638,22456070,1142632,3731478,20,156
2022-07-20,2133767.0,855612,53720464,1204615.0,97041716,28878234,795665,3050098,24,138
2022-07-21,2648663.0,954605,52192614,1476657.0,90556086,20288859,1356005,3981890,18,88
2022-07-22,2703550.0,509435,50770173,1566074.0,99753247,25008341,862002,3374313,26,162
2022-07-25,2136330.0,947556,55642264,1750294.0,82903633,24749766,961691,3664929,21,77
2022-07-26,2480754.0,675150,50467010,1755164.0,81940369,21546236,1306123,3247199,16,146
2022-07-27,2301648.0,840976,51655016,1399953.0,88127125,28982913,822232,3126060,19,86
2022-07-28,2688519.0,551293,54221038,1822494.0,97994276,24257341,1442849,4236530,19,186
2022-07-29,2013986.0,2967591,59312483,3943482.0,97808735,23759834,1145358,4774329,22,131
2022-08-01,2586146.0,578781,58376430,1838003.0,94672183,22627988,943051,3130544,28,105
2022-08-02,2129312.0,691475,53880993,1287654.0,84678714,25477093,857547,3524628,20,134
2022-08-03,2012666.0,660196,52568103,1281570.0,88109698,28592974,1112104,3699309,22,51
2022-08-04,2300804.0,726507,58469872,1037265.0,94609307,20502420,1268020,3606590,17,107
2022-08-05,2134633.0,806063,58411883,1935354.0,98167497,25529046,1436983,3979947,17,156
2022-08-08,2288998.0,739833,56482532,1249321.0,82322466,21679161,1008449,3747028,13,172
2022-08-09,2850937.0,752377,55196467,1066150.0,87778748,29426807,1401397,3467243,24,163
2022-08-10,2628776.0,666319,55952793,1611600.0,88099932,20660902,1233634,3524426,20,156
2022-08-11,2707611.0,621172,58961343,1089613.0,98628533,27562116,1487019,3393574,20,86
2022-08-12,2284806.0,856902,52000609,1337054.0,81946830,21538112,712763,4692483,10,128
2022-08-15,2794824.0,984963,59301434,1838807.0,99391366,21726676,890237,3468466,26,141
2022-08-16,2030535.0,955968,52697143,1121826.0,87238987,29758681,1462841,3871808,24,67
2022-08-17,2996107.0,818717,59251130,1559723.0,89957168,21685996,1129332,4672795,29,147
2022-08-18,2375713.0,559101,59192300,1882875.0,84660061,23246417,1345275,4996734,15,112
2022-08-19,2838688.0,995972,59549765,1450348.0,82605214,29091044,916823,3156951,24,199
2022-08-22,2351279.0,788790,51314532,1210017.0,87923641,21352144,791353,3867964,18,188
2022-08-23,,866329,50421240,,82229180,21551330,921373,3842210,23,53
2022-08-24,,523049,50944789,,90717207,20971248,1057792,3562060,27,184
2022-08-25,2601661.0,710677,52213573,1490457.0,95540627,24657851,1249844,4107054,26,110
2022-08-26,,860260,58914501,,96169764,26695306,1242387,4506145,27,156
2022-08-29,2647972.0,859523,52255363,1809942.0,89384451,25378750,1071233,3551050,14,103
2022-08-30,2489570.0,568385,58375741,1733547.0,84188891,22607411,876168,4192931,29,137
2022-08-31,2456551.0,626131,55056861,1696358.0,96541035,21693439,1427346,4767858,29,117
2022-09-01,2273109.0,933374,56436446,1450062.0,89014653,21831094,1368590,3694780,18,178
2022-09-02,2024538.0,696489,54148887,1094071.0,94064147,23437172,1122225,3842000,20,104
2022-09-06,2894498.0,523289,59595702,1793072.0,84495511,29447933,902041,3871522,10,52
2022-09-07,,872370,59057014,,98202161,26919875,733866,4855227,27,170
2022-09-08,2491234.0,862937,53668866,1841052.0,82363999,25923361,805400,3843601,15,178
2022-09-09,2899684.0,771967,54612338,1146389.0,89109096,21963571,1039119,4542247,11,151
2022-09-12,2139182.0,691232,51033255,1639896.0,84790691,25542511,1135071,3599253,24,87
2022-09-13,2472525.0,804119,57082212,1269708.0,89852415,28985826,1043701,3177912,23,134
2022-09-14,2158338.0,509540,58202787,1682705.0,99869411,23815144,837488,3175767,14,182
2022-09-15,,516364,54989847,,97066318,23436252,1296804,3236281,15,141
2022-09-16,2214020.0,897827,58929285,1254444.0,89725345,20817052,886987,3084754,15,70
2022-09-19,2623094.0,527663,57643603,1603561.0,96722851,27596585,1111274,3602276,27,158
2022-09-20,2924414.0,551991,53094235,1861291.0,94561193,26269324,1133934,4500134,23,96
2022-09-21,2897421.0,688751,59560067,1211837.0,91186361,21428080,994746,3507732,19,133
2022-09-22,,866326,55986126,,84443778,29490536,1167874,3150023,23,132
2022-09-23,2645914.0,662049,52859653,1991542.0,80260116,22521279,1171328,4705243,22,84
2022-09-26,2119176.0,594704,50387952,1123618.0,86086368,27503888,889139,3080388,12,118
2022-09-27,2917710.0,549115,51030117,1969897.0,91006745,26119848,858588,4925776,15,178
2022-09-28,2218126.0,853151,52896818,1459297.0,91950831,22726016,1353583,4870436,17,189
2022-09-29,2218969.0,719295,52357821,1125341.0,81257949,21244289,1312257,3239779,21,76
2022-09-30,2122409.0,691962,58913742,1815862.0,93607851,20442939,1356449,3878453,22,105
2022-10-03,2547707.0,697459,55584263,1730892.0,91360589,29440815,905735,3904850,20,72
2022-10-04,2968140.0,649143,50244761,1552076.0,85538166,23282972,1365847,3206846,21,70
2022-10-05,2253618.0,690347,58386180,1750865.0,92122948,28692832,962299,3694335,10,110
2022-10-06,2769598.0,965585,50064323,1441759.0,80388076,24414473,823950,4035354,26,112
2022-10-07,2050015.0,511938,51237715,1931423.0,95648245,22711793,1029638,4180788,25,171
2022-10-11,,928411,58040979,,95300411,22319124,1300517,4990922,20,101
2022-10-12,2122096.0,853824,50954480,1882554.0,85540070,23923227,804648,4861429,22,137
2022-10-13,2631347.0,504000,56681134,1564262.0,86491878,22073290,738547,3788140,27,104
2022-10-14,2185340.0,701660,50854016,1893741.0,95830160,22518970,1253083,4969710,20,95
2022-10-17,,863186,55347417,,81960826,23889877,886368,4461387,21,81
2022-10-18,2874371.0,855754,59253517,1831516.0,82844664,21727408,1245735,4648885,15,104
2022-10-19,2411357.0,751492,55809701,1422845.0,82613275,22801742,1391958,4207956,18,145
2022-10-20,2735716.0,865835,59439101,1706544.0,81378369,21055675,1446111,4093365,25,182
2022-10-21,2105878.0,999522,58671370,1324060.0,82090212,26016854,956190,3026086,13,85
2022-10-24,,991072,59993726,,85230852,27436754,906402,4327579,12,159
2022-10-25,2973548.0,538304,52883427,1193259.0,90630592,20965188,952419,3531972,25,155
2022-10-26,2198286.0,831593,51416012,1275128.0,80152999,22161088,1454105,4139664,21,107
2022-10-27,2773290.0,582986,55752810,1819471.0,84600108,28018006,1279365,3394423,20,88
2022-10-28,2774684.0,982859,50571650,1609719.0,91393942,22320484,812782,4618963,14,129
2022-10-31,2164899.0,1955508,54476576,3740246.0,82854190,24105223,1327220,3590381,27,146
2022-11-01,2973324.0,608940,58774533,1845038.0,81284382,20487510,1143316,4209337,28,162
2022-11-02,2324767.0,979243,52863793,1403832.0,87196042,26354986,1072013,3835083,15,110
2022-11-03,2999238.0,800638,54909047,1889097.0,83853321,27609964,1010925,4586757,27,186
2022-11-04,2861882.0,765517,56881289,1629661.0,93676226,25795250,886339,4539600,15,55
2022-11-07,2879858.0,643233,57422212,1181144.0,99432053,24055447,1175595,4639282,13,158
2022-11-08,2379989.0,597532,53757974,1811006.0,91872847,21673879,1117168,4173650,21,84
2022-11-09,2415515.0,854802,58791689,1920934.0,97819593,21780752,798696,3889497,28,88
2022-11-10,2043585.0,885777,57211179,1250195.0,94882396,23293331,1203650,3130351,11,199
2022-11-14,2371369.0,600386,58767500,1143748.0,84577033,23764455,750939,4763947,26,167
2022-11-15,2064044.0,527350,54199591,1404032.0,83257181,27253817,1411886,3038635,20,54
2022-11-16,2960061.0,593008,55500545,1032733.0,85154048,24335518,841521,3973619,20,136
2022-11-17,2442296.0,856441,58291923,1741040.0,97700996,28791690,1274578,4143647,25,125
2022-11-18,2109556.0,525351,53154240,1526338.0,88361735,28589747,1035098,3995909,11,106
2022-11-21,2526981.0,588668,59045310,1109996.0,94048203,25222798,1292278,4514494,11,176
2022-11-22,2881691.0,614585,57796324,1558221.0,95686144,23904722,1283098,3864950,17,78
2022-11-23,2767595.0,2725563,58112074,3098478.0,90856760,25215622,1342650,4416953,22,136
2022-11-25,2200235.0,837497,52190222,1556701.0,92796479,26879771,1176513,3890083,19,190
2022-11-28,2025939.0,707869,52719269,1165873.0,95275987,29596394,846295,3597093,17,95
2022-11-29,,565953,57235574,,98720027,28481209,1165453,3421280,13,165
2022-11-30,2960445.0,819602,55672354,1950417.0,97075306,23175684,1357957,3909245,24,161
2022-12-01,2152906.0,782502,55205597,1899005.0,88705956,20629085,1421037,3341207,10,94
2022-12-02,2542335.0,503267,55284958,1433816.0,89714891,29906695,964803,4313174,20,194
2022-12-05,2288249.0,582745,50786667,1713135.0,82320688,26071845,786516,4331598,16,153
2022-12-06,,851732,59742257,,81805808,22518638,774567,4230746,26,134
2022-12-07,2408923.0,800657,51712503,1785332.0,89709175,20603103,826498,3193226,29,183
2022-12-08,2415192.0,657164,53609736,1745453.0,84220459,21989968,1402098,4192639,27,157
2022-12-09,2568550.0,511338,58060833,1767950.0,84536119,25303943,1164894,3592632,21,67
2022-12-12,2387261.0,631484,56638155,1166472.0,84654798,25497191,1236397,4939954,18,143
2022-12-13,2810208.0,507543,51384418,1397710.0,94829445,21257008,984154,3560881,14,199
2022-12-14,2685440.0,868035,50386594,1211760.0,91666027,26473507,1495219,3560592,19,82
2022-12-15,2652664.0,926712,52869760,1122744.0,83622138,27437693,1463760,4472178,13,175
2022-12-16,2984346.0,1682076,51092501,3751726.0,90929084,25137997,839544,4759156,14,171
2022-12-19,2454589.0,720156,55238331,1730051.0,92617619,27270518,946183,4162189,19,187
2022-12-20,2137848.0,723992,58525631,1501946.0,97715057,25511934,1378743,4773274,20,164
2022-12-21,2617075.0,806569,51135964,1043001.0,89955661,28173321,1023853,4536081,19,77
2022-12-22,2127948.0,538756,59872232,1591652.0,90305153,27899284,1163001,3414299,17,60
2022-12-23,2579304.0,518888,52155748,1911420.0,99621156,21003171,1468613,4591218,11,96
2022-12-27,2402690.0,666807,53925282,1831460.0,81207068,27214938,734518,3284334,17,176
2022-12-28,,2428317,50873172,,81386980,22900737,753909,4579006,25,196
2022-12-29,2451269.0,614352,58910852,1753019.0,97985268,21370485,1424984,3421614,14,167
2022-12-30,2021959.0,845186,55655378,1430789.0,91244602,27045900,1215693,4231619,12,192
2023-01-03,2660890.0,585999,54873594,1656166.0,95702852,21681076,1239570,4876870,21,175
2023-01-04,,517955,54063309,,87500960,28501598,1178082,4757346,22,121
2023-01-05,2905533.0,799985,56941245,1711998.0,90781901,25312399,939017,4199151,22,156
2023-01-06,2790180.0,570640,59451244,1652589.0,83040267,20981883,1114994,3125438,19,186
2023-01-09,2228576.0,696582,57817304,1912727.0,89685684,21668321,1152891,4621320,13,82
2023-01-10,2537833.0,928127,50829735,1499722.0,94321905,23293705,1491507,4673031,18,68
2023-01-11,,952247,57021862,,97958103,26154512,1169164,4917043,11,123
2023-01-12,,719798,58351245,,87536765,29888679,1403814,4022892,28,147
2023-01-13,2165838.0,900573,55282591,1735457.0,92103896,23759505,728365,3794448,10,190
2023-01-17,2335674.0,925695,57483058,1179352.0,98673436,28415414,1165982,3264528,16,178
2023-01-18,2879989.0,561476,52562469,1810694.0,83138744,25418952,1141416,4241968,26,142
2023-01-19,2061087.0,806955,53086176,1866867.0,88535078,24609688,973146,3408288,12,97
2023-01-20,2593128.0,667280,56509590,1193283.0,86935774,24264423,976091,3102239,29,113
2023-01-23,2118451.0,651222,55345854,1972346.0,98144439,28181883,910294,3635719,29,110
2023-01-24,2447600.0,571180,57490200,1915015.0,99205297,28306681,816219,4915026,12,88
2023-01-25,2837437.0,674358,54883680,1450195.0,92033451,27170837,1040754,4613374,12,177
2023-01-26,2439792.0,612856,53681262,1769884.0,84273445,21519603,1280595,3704293,26,137
2023-01-27,2039353.0,830594,54633078,1998974.0,83184790,21750740,835565,3808258,16,75
2023-01-30,2193075.0,914568,52609089,1431413.0,93926188,20863403,1479383,3330170,23,66
2023-01-31,2214283.0,686141,52508749,1303988.0,92529971,29268511,1012229,3121668,26,120
2023-02-01,2314877.0,874032,50914228,1326898.0,86681935,20885421,1258516,3766988,27,62
2023-02-02,2065318.0,610448,50953959,1951661.0,89963441,24278384,1435036,4467310,22,118
2023-02-03,2765313.0,514397,57905477,1863561.0,86689142,25495671,1124871,3548333,29,75
2023-02-06,2482690.0,934771,53369538,1302186.0,84990961,20978836,1267760,3181948,29,98
2023-02-07,2416880.0,678031,50345266,1061665.0,83646804,23223522,837888,3485662,27,56
2023-02-08,2591460.0,893944,59927209,1246584.0,80647296,22217181,777175,3614390,13,107
2023-02-09,2740976.0,943733,54537358,1116953.0,98326518,28568438,1288595,3314063,10,98
2023-02-10,2781239.0,619180,59496563,1476072.0,83122951,21556518,1008877,4672305,27,152
2023-02-13,2093264.0,566234,56867100,1682736.0,80800101,22659083,795028,4206751,10,102
2023-02-14,2770746.0,539954,55275034,1186626.0,84100612,24113640,1209666,3249877,22,111
2023-02-15,2813168.0,678352,57553974,1145271.0,90348014,24500398,842312,3953692,29,66
2023-02-16,2225281.0,579459,59803005,1118533.0,89353526,29625105,1191450,4185493,29,74
2023-02-17,2637147.0,909995,56097091,1998916.0,88885366,24877708,792493,3217770,19,180
2023-02-21,2898613.0,695004,53177993,1968452.0,95292361,29935869,825149,3642613,20,78
2023-02-22,,966152,57705092,,88121757,27880317,1453704,4592201,18,166
2023-02-23,2352228.0,917682,57583354,1465966.0,88417233,29254791,902435,3677673,18,75
2023-02-24,,930155,53131209,,82833552,29011501,863834,3944447,14,173
2023-02-27,2269536.0,700968,59612128,1833032.0,91820569,28281447,970403,3340093,10,193
2023-02-28,2317824.0,928486,55813365,1076898.0,87376519,23895958,881211,4835284,26,74
2023-03-01,2257426.0,559163,54057893,1455699.0,81276647,27076042,976993,4361871,11,103
2023-03-02,2177789.0,975853,55691276,1149369.0,92431216,28839765,1043912,4983691,22,122
2023-03-03,2513153.0,551934,55397662,1554736.0,96040922,21265898,1068252,4022145,18,169
2023-03-06,2742452.0,2087901,59828366,2576632.0,85416775,22120539,1017013,4715880,13,105
2023-03-07,,925523,51805468,,88704813,20880412,763095,4887895,14,114
2023-03-08,2125657.0,2448726,53427975,2015314.0,99822531,25947148,817886,3605730,20,142
2023-03-09,2235167.0,954137,56356228,1477602.0,99921696,23231185,1179926,4098423,28,135
2023-03-10,2681669.0,505486,58514716,1780977.0,94497054,27319764,985711,4107229,12,129
2023-03-13,2480671.0,639407,55525633,1942929.0,91319247,28706483,735292,4790008,21,157
2023-03-14,2719094.0,849044,52080154,1944189.0,93913140,25923098,774813,4826525,28,167
2023-03-15,2070467.0,626020,52244702,1374999.0,92494127,21228337,1321424,3318766,28,132
2023-03-16,2183734.0,602795,53377778,1942082.0,92006468,20484814,1275919,4338530,22,196
2023-03-17,2622794.0,720184,55735193,1684191.0,86851803,28359922,709885,4126418,16,64
2023-03-20,2109751.0,990419,57726890,1007906.0,93045697,29614742,885378,4957233,24,180
2023-03-21,2381050.0,642202,55897498,1323557.0,94566079,23690583,1027231,3272647,16,188
2023-03-22,2930192.0,849652,58357956,1578316.0,85742533,21599908,1122381,3084761,17,79
2023-03-23,2811774.0,737027,58204298,1793719.0,82627144,22164412,1160244,4478768,14,106
2023-03-24,2692517.0,618324,58776957,1295804.0,82825896,25309792,1274100,4961447,23,195
2023-03-27,2461079.0,822710,59451337,1468974.0,84936792,22353847,1405860,3798022,13,177
2023-03-28,2368452.0,697775,55843493,1846936.0,95315631,22892478,1172367,4565213,19,97
2023-03-29,2969587.0,789336,53386501,1715080.0,90427148,21984117,1020787,3666246,29,185
2023-03-30,2106081.0,763206,57395350,1627267.0,84876872,25949852,744900,3930370,24,71
2023-03-31,2983237.0,584076,54588334,1034701.0,99517172,20029725,1136162,3328768,27,55
2023-04-03,2613333.0,589780,58464685,1083300.0,99397196,29574182,1101067,3688152,29,153
2023-04-04,2558986.0,652617,57168362,1765537.0,97498600,29184536,772692,3402980,22,85
2023-04-05,2110078.0,521689,54327819,1673034.0,95099203,20888036,1160796,4038336,17,128
2023-04-06,2867055.0,773318,57284953,1083560.0,88908385,22971783,1100584,3781198,18,165
2023-04-07,2022671.0,850605,51255564,1242615.0,96320131,22662761,1451496,4168932,25,106
2023-04-10,2418400.0,2664954,58514493,3882756.0,95165029,26524559,746403,4265804,28,98
2023-04-11,2355528.0,865177,58930264,1043642.0,82887698,22513024,1315458,3042727,25,131
2023-04-12,2959611.0,509348,59059296,1517083.0,93565381,22398083,1495600,3340615,16,115
2023-04-13,2610490.0,916930,54424507,1491036.0,92619233,26536295,1012023,4580932,23,126
2023-04-14,2051663.0,538102,52792427,1327304.0,99209809,23909439,759871,3641211,23,94
2023-04-17,2015708.0,574460,53357679,1804034.0,92417420,25627745,1182604,4449087,13,128
2023-04-18,2878338.0,864778,55748035,1365464.0,84031464,23911146,1191862,3434376,24,69
2023-04-19,,589930,54390020,,87357804,21707017,732174,3011390,12,172
2023-04-20,,506801,52681719,,82887296,20689556,1455111,3631040,14,116
2023-04-21,2318394.0,603150,50890695,1094377.0,92977495,27288538,923563,3937635,10,132
2023-04-24,2112547.0,703339,50838761,1815624.0,82736582,22253722,837653,4405474,12,52
2023-04-25,2989586.0,679208,57367664,1832974.0,81100500,21649729,810155,4386689,24,113
2023-04-26,2910681.0,654697,58888923,1913447.0,98353806,21116271,1033997,4718974,17,89
2023-04-27,2559042.0,713945,55352825,1828952.0,81961977,23099555,1011822,3969831,13,108
2023-04-28,2751102.0,731915,59688053,1326916.0,84032654,25683797,1201608,3749078,11,111
2023-05-01,2762002.0,703664,58887324,1451978.0,80664468,21681641,827795,4387784,19,181
2023-05-02,2142483.0,708124,53321127,1312250.0,86978140,20516409,788668,3021281,13,109
2023-05-03,2658271.0,937477,52559272,1605409.0,94521816,20666165,1437685,3054189,12,165
2023-05-04,2984774.0,501542,52276106,1025559.0,91748768,22788363,1369927,3262093,11,124
2023-05-05,2214835.0,783821,56960534,1892027.0,93611312,24476321,1173620,4359231,26,171
2023-05-08,2401896.0,677804,57374592,1558030.0,83037099,23710388,1463429,4694979,29,156
2023-05-09,2084896.0,681415,56575716,1856101.0,92384217,23235192,1320307,4581469,22,145
2023-05-10,2477095.0,539081,52002324,1997703.0,84828426,21935090,1253091,3362462,14,140
2023-05-11,2071295.0,693928,56262105,1677114.0,88100706,29133790,1373590,3394597,18,179
2023-05-12,2743974.0,855249,56671318,1135044.0,98820039,23937270,1373222,3806242,15,111
2023-05-15,2887121.0,719930,50494592,1857263.0,97825389,26739013,1136571,4297991,14,98
2023-05-16,2273255.0,781209,53578226,1112217.0,88379341,27089975,930147,3679682,19,186
2023-05-17,2299648.0,714532,56149031,1566161.0,89890633,28805586,1255083,4090445,17,141
2023-05-18,2657162.0,588092,52427540,1892964.0,86579137,21033316,1207820,3557243,16,173
2023-05-19,,2450511,51715630,,90980269,24819075,970914,4634252,16,110
2023-05-22,2466872.0,789106,50318408,1403119.0,81912584,24742297,1235381,4814188,15,97
2023-05-23,2825816.0,528295,58856884,1658380.0,94178388,23868452,1093409,3010207,29,185
2023-05-24,2374705.0,513807,58900019,1828187.0,97002265,28074037,1062455,3218401,12,107
2023-05-25,2571542.0,935564,53117172,1872388.0,94846767,21312743,979713,3985132,28,150
2023-05-26,2808350.0,657504,59272985,1086988.0,94677441,27420105,1497622,3159292,24,161
2023-05-30,2610269.0,976501,56304680,1569936.0,91250117,20104195,1398112,4525842,13,111
2023-05-31,2978217.0,738067,54235042,1125991.0,80747419,27008443,1387687,3496762,21,88
2023-06-01,2554594.0,985008,51898739,1402732.0,89468532,25276728,1004214,4253733,15,107
2023-06-02,2147718.0,951070,59617944,1506079.0,85438684,24101036,1264485,4070607,28,148
2023-06-05,2308987.0,933478,51017433,1901437.0,82380932,29727094,1226549,3463937,13,93
2023-06-06,2645263.0,668152,58104010,1526684.0,81654753,22165251,857584,3867239,24,78
2023-06-07,,894540,54661029,,93685039,29866460,1048939,3595600,18,108
2023-06-08,2107512.0,853411,53678086,1936633.0,88793380,27303693,991077,3584054,14,120
2023-06-09,,666981,51581530,,96673742,23214850,1359738,4192097,22,141
2023-06-12,2470587.0,720411,52087258,1656951.0,90104107,27983439,1264871,3351977,27,58
2023-06-13,2373616.0,519870,54856447,1011303.0,80571107,28874883,1074226,3187771,14,176
2023-06-14,2657409.0,927794,58369066,1161633.0,96064554,28687479,1384393,3237199,25,183
2023-06-15,2686976.0,703196,56857658,1333863.0,90905942,28268541,1117216,3998757,28,194
2023-06-16,2365871.0,748683,50996530,1249690.0,82086213,29546263,811032,4809595,23,193
2023-06-20,2375037.0,734677,59159861,1784108.0,99556715,22949281,906940,3760129,25,180
2023-06-21,2807364.0,526790,52601623,1099616.0,90302330,27356061,1004748,3635329,24,70
2023-06-22,2117796.0,618874,59766854,1910597.0,91199468,21294929,1161552,3640473,13,113
2023-06-23,2291999.0,787433,56231219,1086231.0,88937492,22504594,926727,3177164,16,139
2023-06-26,,948345,54108997,,81999254,21243294,773869,4505463,25,85
2023-06-27,2990198.0,724786,53364695,1019623.0,85044842,23567675,1491842,4583214,17,111
2023-06-28,2698376.0,987462,51045482,1723035.0,84156532,27711634,1411404,3751518,26,125
2023-06-29,2269544.0,515485,55786265,1490042.0,86592910,29285424,1418675,4935867,25,62
2023-06-30,2380002.0,806626,55908635,1458298.0,85561112,22414802,902416,3513313,19,60
2023-07-03,2698002.0,586188,57487345,1476840.0,87909699,20443031,1311004,4042726,19,103
2023-07-05,2539439.0,504748,59683910,1105228.0,91255948,29479276,1278533,4834434,11,65
2023-07-06,2968911.0,717841,50570451,1426346.0,80258517,26444345,1267344,4117063,18,57
2023-07-07,2590978.0,640507,58408424,1707116.0,89745741,22790373,1110925,3148694,26,153
2023-07-10,2528787.0,765853,50967344,1884056.0,86428540,23916643,1475024,3123853,20,108
2023-07-11,2530583.0,623961,52412149,1681652.0,80705475,27061183,1020701,4363837,19,106
2023-07-12,2907317.0,530355,55398869,1898217.0,95560243,23287058,979687,3235062,26,89
2023-07-13,2388215.0,686843,53352252,1520547.0,91177498,25510493,1130634,4500186,13,179
2023-07-14,,951015,53732839,,84338843,20290998,1449971,3233077,25,143
2023-07-17,2798615.0,906332,59427504,1069274.0,80424226,24855920,1196507,3887516,29,187
2023-07-18,2422515.0,656542,57022336,1133541.0,92056199,21828022,1109940,4072358,24,93
2023-07-19,2668234.0,673416,55768927,1053947.0,95843433,26367712,965972,4558068,14,188
2023-07-20,2378480.0,805062,52878604,1677894.0,84117923,21409854,816656,4863462,15,129
2023-07-21,2032711.0,814368,54327858,1194692.0,86303745,27997043,717087,4902912,26,130
2023-07-24,2791971.0,539298,57433533,1048874.0,80698956,20181360,993481,3654224,10,51
2023-07-25,,2527089,58652831,,92290137,22444026,836554,4457384,28,189
2023-07-26,2184423.0,561629,55984684,1074553.0,86278602,22515419,1185757,3153245,13,164
2023-07-27,2978771.0,828184,52694287,1592632.0,86143326,25532410,882024,4999284,26,139
2023-07-28,2516349.0,992734,56511634,1835570.0,80175211,24138286,836535,4170834,18,72
2023-07-31,,730907,54621056,,87519817,29679818,1467524,4684532,11,195
2023-08-01,2912495.0,790160,58976973,1571926.0,92481574,28333100,1294736,3454418,17,111
2023-08-02,2657917.0,523960,50703662,1078249.0,87412620,26893728,1228936,4531192,24,162
2023-08-03,2824792.0,795735,51305585,1892297.0,98660592,23584197,1092720,4434904,16,177
2023-08-04,2737378.0,713920,54092097,1527007.0,95848375,20311955,995767,4555157,15,111
2023-08-07,,865477,52659440,,88544291,22127599,1152372,4472542,10,87
2023-08-08,2767836.0,742804,59988209,1470452.0,91392083,24933594,735634,3278710,24,110
2023-08-09,2986001.0,876965,53943645,1429725.0,84730741,29953678,1076742,3662550,16,178
2023-08-10,2702335.0,960857,54495013,1042534.0,85605126,24835451,1011478,4006111,26,198
2023-08-11,2807789.0,2395617,56094467,2991036.0,93952821,24382794,1246342,3562621,11,171
2023-08-14,2643409.0,629695,59623424,1616529.0,94394752,27323494,1294316,4432649,18,159
2023-08-15,2077505.0,915916,55517366,1412003.0,98683255,26699144,1246495,4784841,18,62
2023-08-16,2002869.0,796764,53448678,1126209.0,93149868,24698713,1173866,3613859,22,149
2023-08-17,2781474.0,734286,59515807,1442061.0,81455465,27867791,1455181,4168839,15,184
2023-08-18,2454351.0,628148,55211593,1189004.0,92581422,23790328,1305842,4967669,15,71
2023-08-21,2312252.0,782703,58370262,1616412.0,91098252,25289730,1376746,4598099,29,123
2023-08-22,2636584.0,986261,54846769,1615947.0,80211830,24437610,1307564,3000159,29,181
2023-08-23,2618467.0,855540,57449607,1164134.0,85987029,23239536,1014925,4716081,12,72
2023-08-24,2090272.0,692714,54043064,1075713.0,86516616,22326133,1408140,3998413,26,168
2023-08-25,2038467.0,707611,52602967,1742623.0,84755976,27948140,892512,4211569,26,119
2023-08-28,2809760.0,783876,53438550,1488972.0,86897673,25720626,1232498,3367003,21,133
2023-08-29,2877844.0,759747,50076218,1977965.0,92448727,26221714,1268651,4195885,25,150
2023-08-30,2480047.0,591362,56878974,1075418.0,86002296,26374825,1466535,4156083,24,133
2023-08-31,2659347.0,923570,50770044,1984176.0,96852604,25005858,1302567,4974324,22,77
2023-09-01,2058871.0,775987,55579079,1128232.0,86810183,27028722,891420,4063319,10,185
2023-09-05,2939903.0,614065,53185714,1952336.0,98552983,28221252,1410644,4801038,26,50
2023-09-06,2128391.0,833870,51728096,1520551.0,87983823,28975708,1200844,4094677,12,112
2023-09-07,2439430.0,517640,58736347,1163038.0,88373296,23415871,903196,4291293,24,71
2023-09-08,2610704.0,552528,58860935,1990049.0,90718361,21877971,899919,3645822,13,119
2023-09-11,2856703.0,800557,57667105,1930491.0,85877809,27997488,1115648,4394947,13,174
2023-09-12,2830496.0,759214,52694946,1168383.0,89886226,26814612,957324,4279180,27,198
2023-09-13,,814782,54229215,,88002619,24963401,1419449,4236026,26,145
2023-09-14,2725451.0,945952,51922135,1325996.0,94978249,22866757,1454651,4906134,28,128
2023-09-15,2107450.0,610133,57021855,1258722.0,87667857,29725529,1358681,4891079,20,54
2023-09-18,,868501,50978039,,84428690,25913318,1130599,4775057,29,109
2023-09-19,2438741.0,699938,59288493,1202053.0,85439433,26741286,1075960,3336907,12,169
2023-09-20,2281974.0,650159,58997354,1600530.0,88889782,21577969,1434042,3487030,17,95
2023-09-21,2934933.0,672502,57352207,1178589.0,82881777,23651387,1347341,4808286,23,183
2023-09-22,2400109.0,655576,50499876,1503238.0,99526212,21711672,1172406,3405453,10,105
2023-09-25,2116381.0,900330,51962165,1029257.0,96972462,25905950,883965,3671009,23,159
2023-09-26,2473125.0,841003,57985620,1480488.0,83696176,23212883,866892,3168785,11,153
2023-09-27,,861801,50611213,,90732002,23028631,834832,3204535,13,126
2023-09-28,2134508.0,904191,50768734,1144353.0,88899691,27232212,853262,3700769,28,195
2023-09-29,2729650.0,511023,57750575,1323390.0,94697697,26423959,767411,3179838,15,51
2023-10-02,2862645.0,521447,54241361,1263579.0,97789600,26984297,985521,3570442,10,57
2023-10-03,2399111.0,983685,55511174,1229947.0,97644180,24024733,1139953,3269160,26,124
2023-10-04,2150810.0,888043,51839433,1231758.0,88437712,24859221,738211,3472779,17,174
2023-10-05,2292890.0,786103,56569632,1615645.0,80863663,29802630,913981,3441904,28,87
2023-10-06,2573665.0,566203,53672214,1157732.0,85783182,23801250,965888,3876110,10,76
2023-10-10,2965908.0,881300,52026580,1922588.0,95821218,29340854,1480926,3898488,14,69
2023-10-11,2840477.0,1982325,57229039,3999402.0,93147590,20019675,987139,3578526,25,189
2023-10-12,2360032.0,509337,57507324,1931011.0,81206861,28462605,1372337,3320752,15,92
2023-10-13,2957294.0,546427,56202258,1727955.0,83119612,29356169,1453298,4661945,17,80
2023-10-16,2369599.0,823673,54339235,1608095.0,96179640,20486799,1258830,4296220,22,140
2023-10-17,,864167,59880860,,99668221,26810805,710651,4997977,25,110
2023-10-18,2750020.0,846809,53526737,1902385.0,84936600,22238057,799239,3837393,12,158
2023-10-19,2879611.0,605787,58790529,1138563.0,94648065,24464344,1450704,4248351,28,140
2023-10-20,2171836.0,662993,52008960,1783066.0,84736319,20566088,1137625,3962261,21,144
2023-10-23,2729903.0,795451,54455214,1506047.0,95578914,26558947,855378,4861925,25,192
2023-10-24,2045714.0,920571,58476563,1705552.0,94160134,20658003,850158,3940240,20,193
2023-10-25,2974339.0,996484,56918889,1997899.0,97034897,20805113,1107592,3814422,19,62
2023-10-26,2627234.0,627016,53816446,1910229.0,82054780,29322004,1023494,4111127,29,162
2023-10-27,2896048.0,766979,53376513,1326032.0,80842186,25028035,1033569,3734983,13,84
2023-10-30,2630271.0,520159,51937878,1597897.0,94578363,24034464,1196574,4726376,21,198
2023-10-31,2466960.0,997562,56193956,1795509.0,90939922,29992154,1129852,3166277,11,97
2023-11-01,2711851.0,678677,51705215,1772800.0,87116355,22092101,1144865,4038660,28,84
2023-11-02,2124123.0,883934,55437149,1253973.0,85538917,25995134,1127826,3080811,14,135
2023-11-03,2936093.0,867760,57271476,1283097.0,81124905,29844689,1365418,3779128,17,163
2023-11-06,2305628.0,931304,56429611,1994423.0,83105958,28503967,955948,3841535,16,149
2023-11-07,2082989.0,840896,53266402,1376826.0,85559277,26208714,1221481,4512604,23,148
2023-11-08,2298356.0,817428,58121849,1514257.0,95315296,26762126,1171249,3959131,12,52
2023-11-09,2829957.0,819187,58104789,1854321.0,88593059,26342057,764200,4416842,27,134
2023-11-13,2178274.0,666619,54108880,1679181.0,98757506,23541483,805848,3234104,25,174
2023-11-14,2687995.0,859151,55499593,1430783.0,91812936,21512760,806022,4591872,28,187
2023-11-15,2325352.0,582844,54261946,1115374.0,93138567,29851044,1401979,3202346,28,132
2023-11-16,,527532,50090093,,80403322,23557689,1112755,4605266,27,74
2023-11-17,,665421,59944790,,94748072,21863236,1480741,3184456,29,117
2023-11-20,2789852.0,622402,51732465,1601763.0,94752304,27863426,762068,4832858,25,110
2023-11-21,2883184.0,618012,53173584,1484090.0,96055099,29988400,1170529,4447585,17,78
2023-11-22,2131373.0,938661,52859244,1873698.0,94952964,20450930,861445,4544619,10,176
2023-11-24,2438452.0,898929,50886040,1676787.0,84077716,27402324,1388514,3136643,26,68
2023-11-27,2115294.0,556178,50322918,1887164.0,90479153,27946232,837103,4538659,21,123
2023-11-28,2459451.0,549407,52245909,1289227.0,81908802,23498408,924605,4982289,20,110
2023-11-29,2971744.0,963556,50116739,1742406.0,87334901,25403252,903047,4162126,14,69
2023-11-30,,550990,59675193,,98325291,20091006,949768,3484146,21,97
2023-12-01,2065726.0,968888,59168924,1648074.0,97271164,24151785,1384029,3960652,26,136
2023-12-04,2141564.0,629473,59755461,1961568.0,96035897,20688725,794475,3091218,15,188
2023-12-05,2377812.0,958761,51014929,1532101.0,92132693,29177376,1210370,4181872,10,159
2023-12-06,2268246.0,978007,59955455,1031598.0,88383190,20206487,1226570,4548485,14,77
2023-12-07,,2460855,52420564,,94931115,26389308,1389984,4567343,23,108
2023-12-08,,917009,59868643,,95329893,23637820,1403798,4228343,14,182
2023-12-11,2740674.0,818714,58577064,1617394.0,93296848,23284321,920972,3907211,10,100
2023-12-12,2254079.0,726156,52653093,1289226.0,94143266,27018523,862777,4440434,27,198
2023-12-13,2550929.0,668964,53303457,1815673.0,97557857,20678841,1392797,4813924,25,61
2023-12-14,2689944.0,501015,55888997,1227286.0,84466134,25420712,908944,4288592,18,99
2023-12-15,2688105.0,561813,56944121,1437785.0,98331421,23452501,1343294,3032441,28,181
2023-12-18,2513758.0,1583136,56238795,2023490.0,90093205,28433840,936440,4286614,14,162
2023-12-19,2940597.0,600497,54767348,1812461.0,92154297,22445840,1428342,3694489,11,63
2023-12-20,2983609.0,901631,50716756,1144097.0,99328547,25451973,1012727,3755612,24,81
2023-12-21,2365890.0,742926,58439834,1232732.0,83127748,21379904,707461,4897376,16,188
2023-12-22,2445101.0,612816,56790968,1909827.0,94722892,27353172,1324411,4664986,13,195
2023-12-26,2036631.0,628778,53751198,1669648.0,89223644,21437188,1496948,3044760,10,104
2023-12-27,2766577.0,562292,57369434,1613474.0,90758430,21656321,1172501,4047159,22,169
2023-12-28,2072991.0,785977,53138145,1924044.0,99661007,20538645,848586,3285622,29,124
2023-12-29,2004014.0,1905690,51226476,3768400.0,93863529,29960559,1083395,4962889,16,70
2023-02-07,2416880.0,678031,50345266,1061665.0,83646804,23223522,837888,3485662,27,56
2022-02-22,2421909.0,768799,57102173,1416366.0,82442266,27323988,1225069,3999430,14,90
2022-03-17,2953277.0,680798,52453752,1700780.0,94467188,24952075,741971,4816030,16,119
2022-10-17,,863186,55347417,,81960826,23889877,886368,4461387,21,81
2023-05-10,2477095.0,539081,52002324,1997703.0,84828426,21935090,1253091,3362462,14,140
2023-09-15,2107450.0,610133,57021855,1258722.0,87667857,29725529,1358681,4891079,20,54
2022-10-05,2253618.0,690347,58386180,1750865.0,92122948,28692832,962299,3694335,10,110
2022-11-14,2371369.0,600386,58767500,1143748.0,84577033,23764455,750939,4763947,26,167
2023-03-13,2480671.0,639407,55525633,1942929.0,91319247,28706483,735292,4790008,21,157
2022-11-28,2025939.0,707869,52719269,1165873.0,95275987,29596394,846295,3597093,17,95
2023-11-09,2829957.0,819187,58104789,1854321.0,88593059,26342057,764200,4416842,27,134
2023-12-06,2268246.0,978007,59955455,1031598.0,88383190,20206487,1226570,4548485,14,77
2022-03-18,2905778.0,626141,59752741,1563178.0,98581889,23898606,718658,3929242,13,149
2022-01-03,2121958.0,773237,55001045,1572212.0,95404302,23496605,811672,3494178,24,128
2023-11-20,2789852.0,622402,51732465,1601763.0,94752304,27863426,762068,4832858,25,110
2023-11-01,2711851.0,678677,51705215,1772800.0,87116355,22092101,1144865,4038660,28,84
2022-06-28,2742139.0,906716,55914988,1856774.0,92735272,21619715,1496184,3167647,17,131
2023-09-13,,814782,54229215,,88002619,24963401,1419449,4236026,26,145
2023-10-20,2171836.0,662993,52008960,1783066.0,84736319,20566088,1137625,3962261,21,144
2023-03-03,2513153.0,551934,55397662,1554736.0,96040922,21265898,1068252,4022145,18,169
2022-08-23,,866329,50421240,,82229180,21551330,921373,3842210,23,53
2022-05-04,2106530.0,736175,51910705,1331770.0,98827165,29454531,973260,3833525,20,123
2023-01-18,2879989.0,561476,52562469,1810694.0,83138744,25418952,1141416,4241968,26,142
2023-03-23,2811774.0,737027,58204298,1793719.0,82627144,22164412,1160244,4478768,14,106
